name,first_name,city
Treker,Westbrooke,Gongping
Ghiroldi,Cecilius,Ciheras
Francescone,Giavani,Oefatu
Brayshaw,Bab,Uripa
Aldren,Selene,Peachland
Astlett,Barnebas,Ambanja
Ordish,Fiann,Sezures
Clewlow,Sibyl,Liqiao
Shurmer,Eustacia,Rosh Pinna
Fowlds,Melitta,Ponikiew
Punter,Benedikt,Araras
Stoddard,Maxie,Biên Hòa
Coch,Noby,Popasna
Leander,Rube,Mabugang
Youd,Sophronia,Qidi
Rosewell,Frederik,Paris 14
Erb,Bertie,Baishan
Braiden,Yard,Richmond
Bigland,Kaile,Hulu
Harford,Heindrick,Jiangxiangzhen
Elsop,Gusti,Yun’an
Sandwick,Wendall,Verkhov’ye
Stenning,Annmaria,San Enrique
Goatcher,Ethelda,Sandefjord
Schult,Marie-ann,Lubu
Humm,Homer,Iralaya
Hugnet,Mendie,Mbongawani
Wharfe,Tull,Weiyang
Grinov,Gabriell,Radziszów
Paraman,Lacie,Porsgrunn
Thurley,Felizio,Leeuwarden
Proswell,Annamarie,San Mateo
Garvey,Benito,Leidian
Akker,Teresa,Lille
O'Cuddie,Dagny,Cortezia
Gilliard,Junina,Belčišta
Boston,Kalli,Shangcheng Chengguanzhen
Leslie,Veronike,San Pedro
McNair,Auria,Nagiba
Testro,Rickard,Diamantina
Barrowcliffe,Marlene,Pumwani
Kobu,Hailey,Labansari
Sweed,Cherice,Banjar Delodrurung
Firle,Stefano,Krajan
Krale,Rafferty,Spas
Bessom,Patrizio,Oslo
Garz,Robinia,Tía Juana
Quilligan,Gilli,Adelaide
Houlston,Earle,Nanshao
MacSorley,Willow,Huaguo
Rocks,Hadrian,Bandaran
Waszczyk,Camile,Forécariah
Priestner,Desmund,Barg-e Matāl
Dell Casa,Abigail,San Fernando de Monte Cristi
Physick,Jennilee,San Vicente
Champagne,Konstanze,Tha Ruea
McCurrie,Nixie,Agidel’
Ferretti,Bruno,Hayil
Delahunty,Thea,Gadingrejo
Goodread,Carolin,Burträsk
Depka,Deidre,Joaçaba
Marchenko,Dulcea,Bajingmeduro
Hinrichsen,Forster,Carlton
Chuney,Neille,Shirahamachō-usazakiminami
Cluff,Edgar,Lubowidz
McGrirl,Dinny,Manga
Stock,Justinn,Hepu
Deme,Lee,Mangunjaya
de Voiels,Herbert,Quiaios
Haslegrave,Mel,Emiliano Zapata
Langlais,Jehu,Wuli
Bello,Allistir,Bjästa
Ozanne,Inga,Matviyivka
Jellico,Constantine,Sydney South
Shoosmith,Ximenez,Neglasari
Itzig,Teddy,Boucinhas
Jaggli,Kimball,Rousínov
Winterbourne,Sile,Sumberejo
O'Rodane,Hubert,Solna
Ruggiero,Nadeen,Donghe
Kerley,Carlota,Stará Paka
Driutti,Raquela,Patpata Segundo
Aloshikin,Britni,Pasirhaur
Fickling,Kaia,Dongfeng
Sayers,Teriann,Baoshui
Buchan,Elyssa,Bijia
Corbie,Megen,Troyan
Eddolls,Adah,Degan
Filmer,Nathalie,Al Jafr
Bartosiak,Godiva,Frankfort
Jendricke,Jobina,Tögrög
Heigho,Afton,Sida
McMenamin,Hedi,Polyarnyye Zori
Parfrey,Gerta,Barra do Corda
Cornell,Morry,Timba Timuk
Huscroft,Jeanelle,Spodnja Hajdina
Duggleby,Mycah,Putou
Prestage,Briggs,Gostynin
Brimmicombe,Gayelord,Velké Svatoňovice
Frodsam,Denny,Pasir
Greensted,Jere,Mārupe
Pennycuick,Isabelle,Leeuwarden
Dron,Egan,Taipa
Whoolehan,Teodor,Ra-ngae
Matherson,Neel,Trakai
Marr,Jonathan,Thung Yang Daeng
Patching,Sukey,Shilu
Palphreyman,Jacynth,Quxi
Jorioz,Beth,Mayingzhuang
Chasmor,Erik,Frýdlant
Ricson,Corbett,Tourcoing
Zoppie,Evanne,Kapyl’
Spyvye,Silas,Vitória do Mearim
Mansour,Garrett,Venado Tuerto
Shout,Allsun,Weiguo
Southouse,Temp,Votkinsk
Burleigh,Wilhelmine,Pak Phayun
Agar,Leif,Melbourne
Gisbourn,Katusha,Kitaibaraki
Myring,Rayna,Garahan
Dunhill,Renaldo,Baixiang
Spalton,Aryn,Oklahoma City
Dod,Tybie,Dodu Dua
Davidson,Maighdiln,Tazhuang
Clue,Scarface,Caacupé
Janous,Augustine,Hoi
Leaming,Janaya,Sucun
Pietri,Shepard,Igoumenítsa
Mallord,Hiram,Sonquil
Checci,Aldridge,Farīdpur
Connar,Emmit,Hauhena
Gerrell,Cathryn,Valencia
Lelievre,Ware,Borlänge
Venditto,Avivah,Repelón
Giffon,Lidia,Kebon
Grabb,Lazarus,Nova Iguaçu
Jankin,Melosa,Aime
Hannaford,Angil,Jianfeng
Habershon,Delbert,Bauang
Clinch,Agosto,Calape
Josephs,Rori,Columbus
Vinecombe,Amos,Dashtobod
Coley,Pamella,Añatuya
Wherry,Erie,Araulí
Remmer,Barbi,Gaoyao
Levick,Susanna,Shuiyang
Cushelly,Desmund,Nkandla
Gilhouley,Melinda,Corozal
Slocomb,Lyon,Anguera
Aspinwall,Vina,La Paz
Anfosso,Ahmed,Panguipulli
Brosio,Gwendolin,Valença do Douro
Kinnen,Maiga,Courtaboeuf
Beaver,Erastus,Cercal
Czaple,Gaston,Tirana
Isitt,Dori,Visoko
Bracher,Roxi,Ribeiro
Gouch,Morlee,Levski
Jikylls,Manuel,Babo-Pangulo
Hartshorne,Kristoffer,Maukaro
Linch,Jsandye,Phra Phrom
Le Guin,Sapphira,Jalal-Abad
Ramard,Lemmy,Xinghua
Gapper,Emery,Semirara
Preedy,Allayne,Mehrān
Comerford,Kaspar,Quitilipi
Cass,Iseabal,Krajan Tambakrejo
Burtenshaw,Annemarie,Tsaratanana
Randles,Saree,Zhongxin
Rosenstiel,Karly,Santa Maria da Vitória
Lasselle,Corina,Qiaogu
De Ruggiero,Charline,Maceda
Pizer,Dalis,San Diego
Longlands,Stormy,Mlowo
Shovelin,Sam,Itaguaí
Carillo,Aila,Bukovec
Attryde,Benny,Kastav
Alldridge,Trish,Węgorzyno
Garrett,Domeniga,Uitenhage
Spreadbury,Halette,Holboo
Rendall,Rickie,Katrineholm
Sorey,Elfrieda,Guangsheng
Yarrall,Louise,Harjavalta
Langthorn,Son,Salt Lake City
Haigh,Ekaterina,Yanyang
Riggs,Rochester,Sedlice
Treeby,Kattie,Cuyotenango
Davidovitch,Kelly,Magarao
Burgiss,Aubrie,Jorochito
Burnall,Hamid,R S
Letson,Scarlet,Tingo María
Spykins,Fanny,Lamoso
Pestridge,Jodi,Florianópolis
Tilne,Kiley,Nanpiao
Lemmen,Karie,Tumpang
Sesser,Godfree,Akráta
Bartot,Thomasine,Idritsa
Kitchiner,Erda,Baranoa
Want,Abrahan,Savalou
Yearne,Muffin,Umeå
McKennan,Elvyn,Caballococha
Krysiak,Elmer,Lebedyn
Jahnke,Gabriella,Xinxu
Winchcombe,Ashlan,Sarankhola
Culleford,Margalit,Noormarkku
Gasson,Tybalt,Huilong
McAulay,Josephine,Uspenskoye
Maleham,Barnaby,Corona
Nials,Jeremy,Dajin
Matushevich,Elysia,Banjar Batanpoh
Hounsom,Richardo,Dulangan
Mortel,Prisca,Mŭglizh
Cornfoot,Pail,Mata-Utu
Senyard,Vanya,Burqah
Maddy,Verine,Clermont-Ferrand
Wingate,Dagny,Yitang
Strut,Steffi,Linjiang
Broxton,Phylis,Severnoye
Rushton,Raina,Svetlograd
De Ferrari,Earl,Klimontów
Gilders,Abram,Jargalant
Burgoin,Clementine,Kawakawa
Closs,Lurline,Zhangdu
Ruddy,Les,Göteborg
Playdon,Brewer,Hengjie
Gommes,Tildi,Hoima
Belch,Gerrie,Wuduhe
Strelitz,Grace,Zhigulevsk
Tommasetti,Alexio,Longquan
Crowcombe,Cecil,Lillehammer
Rediers,Haskel,Rubizhne
Brimley,Marshall,Fundación
Truckell,Quintana,Potrerillos Arriba
Greste,Tillie,Bela Vista do Paraíso
Bulgen,Donielle,Oskarshamn
Toffetto,Yankee,Cigadog
Curnokk,Elsbeth,Nasīrābād
Serrell,Micki,Jaguimitan
Taillant,Ketty,Ashiya
Aldie,Melodie,Independencia
Castagnet,Goldina,Hepu
Simunek,Anjanette,Aguaí
Gotobed,Mag,Varjota
Culshaw,Casi,Yegorlykskaya
Johnston,Cindra,Francistown
Parsons,Helge,Francistown
Gowanson,Francoise,Makhalino
McCutcheon,Adina,Uzunovo
Andersson,Justis,Maunuri
MacPadene,Shepherd,Stockholm
Chadwen,Gardener,El Ksour
Albery,Jo ann,Purwasari
Eayrs,Glenn,Lyon
Eddisforth,Jaquith,Aranguren
Corteney,Klarika,Mao
Alsina,Lura,Prado
Tubb,Reiko,Tres Arroyos
Kellen,Cathy,Xiagang
Moogan,Bidget,Lipsko
MacKnockiter,Christine,Jieshan
Birkhead,Yuri,Tangxi
Sugge,Dee,Zapolyarnyy
Hulett,Domenico,Czerwin
Trytsman,Geralda,Puerto Iguazú
Camacho,Eleonore,Mafra
McGeorge,Lurlene,Mirnyy
Casbourne,Livy,Lizhai
Lawford,Camille,Genève
Walduck,Frants,Yang Chum Noi
Matyas,Lauri,Níkiti
McNulty,Tiffany,Ndano
Furby,Olag,Petersfield
Cuxon,Chantal,Syevyerodonets’k
Sidebotham,Druci,Singgugu
Bank,Cyndy,Kočevje
Woods,Gene,Marte
Fullager,Ezekiel,Makarska
Sheed,Brunhilde,Parumasan
Harmon,Marabel,Pryvol’ny
Filisov,Stanislaw,Neiafu
Curson,Keelby,Mahdia
Linner,Stacee,Kaniów
Cubbinelli,Megen,Klampis
Ewbank,Jaime,Bryukhovychi
Prigg,Godwin,Awka
Tallow,Jen,Velké Losiny
Algie,Trenton,Sobral
Kilbourn,Klement,Chambar
Laughton,Jacintha,Maesan
Vigus,Meta,Buenavista
Lurriman,Padraic,Auxerre
Winston,Basilio,Kajar
Haberjam,Dina,Bellavista
Wishkar,Hobart,Eixo
Lockey,Moyra,Aksu
Mangion,Cheryl,Tulihe
Seville,Charmine,São Pedro da Aldeia
Benham,Hughie,Wuyang
Boscott,Helli,Araras
Gribble,Shellie,Bellavista
Darington,Myrvyn,Ambelón
Fanning,Hersch,Örebro
Cottier,Drona,Hongdu
Warboy,Ilka,Temaiku Village
Halcro,Joly,Huangmei
Grealy,Robinetta,Śliwice
Cadman,Merill,Dallas
Griss,Tarah,Alchevs’k
Van Leijs,Bard,Saint-Quentin-en-Yvelines
Lennox,Ilyssa,Talitsa
Brymham,Rosemarie,Shicha
Marsy,Roberta,Huamachuco
Follos,Lidia,Jaro
Mulbery,Daveta,Los Algarrobos
Pendleberry,Pasquale,Gaotian
Macy,Claire,Lamía
Stabbins,Gary,Komatsu
Greggor,Graeme,Wenxi
Hachette,Cybil,Marzhing
Brockbank,Doralin,Dan Makham Tia
Netherclift,Nan,‘Ayn al ‘Arab
Bardey,Stinky,Cherkasskoye
Libby,Abigale,Nueva Esperanza
de Courcey,Dalila,Vishnyakovskiye Dachi
Linnock,Lexy,Grudë-Fushë
Sawrey,Noreen,Driefontein
Burchard,Pansy,Gavião
Jobling,Ottilie,Villiers
Hayesman,Loralie,Melchor de Mencos
Blinder,Sigmund,Mloko
Tarzey,Humfrid,Ambato
Trank,Clarissa,Laval
Ubsdell,Ezechiel,Xishiqiao
Gebhardt,Enrica,Caucasia
Croizier,Hartley,Bluri
Stoppe,Ally,Oliveira de Frades
Lumsdon,Ashia,Desa Werasari
Boom,Theadora,Balyaga
Kerfut,Cord,Orléans
Jerrard,Nikki,Wringinsari
Rees,Konstanze,Qiaolin
Charley,Donielle,Narowlya
Vasilkov,Bobby,Novokhopërsk
Lezemore,Finlay,Ashikaga
Liddon,Gwenette,Mitrofanovka
Monckton,Darnell,Ban Fang
Fullegar,Sergent,Pljevlja
Kavanagh,Janet,Rýmařov
Tutin,Rossy,Amboasary
Sidry,Cherry,Villamaría
Dami,Arman,Banjar Danginsema
Bretelle,Katrinka,Pichilemu
Rodolfi,Darrel,Baruunturuun
Pavlishchev,Farleigh,Nieszawa
Stothart,Berri,Velenje
Zotto,Melanie,Ravne na Koroškem
Spradbrow,Stepha,Bardaï
Farrington,Brenden,Geshan
Clogg,Lee,Isniq
Falks,Irina,Mollas
Jeayes,Marga,Quillota
Storr,Lars,Zlín
Benneton,Geordie,Huangjiakou
Ruger,Byrom,Nazaré
Gotliffe,Morly,Tagbacan Ibaba
Guyer,Aldin,Hödrögö
Tween,Zacharias,Pato Branco
Samudio,Bernard,Paoua
Morteo,Ax,Katori-shi
Davidson,Brena,Lipahan
Woolard,Marillin,Malahide
Woodhams,Shermie,Zhongzi
Beamish,Francyne,Muli
Hawkwood,Meredith,Tolkmicko
Durnan,Eduino,Odawara
Campes,Janis,Stockholm
Digan,Karlik,Nartkala
Juleff,Jordon,Bajomulyo
Housden,Cathy,Kankara
Donald,Feodora,Taisen-ri
Kirwin,Chiquia,Chiguirip
Kennsley,Dacia,Xihuaiba
Rawsthorne,Angelia,Sudogda
Tesauro,Giuseppe,Lomintsevskiy
Lording,Filide,Zbąszyń
Champney,Tessi,Nancha
Hansen,Marcos,Sumurgeneng
Doerr,Joleen,Conner
Vaudin,Cordelie,San Nicolás
Ginn,Kinny,Ignacio Zaragoza
Splaven,Micky,Strážná
Cullinane,Andy,Monte Aprazível
Archbell,Eddie,Ulricehamn
Flecknoe,Anne,Pucara
Gedge,Brendin,Garnich
Siege,Christoph,Heping
Witling,Artemis,Krajenka
Pumfrett,Colline,Verkh-Usugli
Presshaugh,Loni,Perelyub
Kinsett,Vita,Chile Chico
Milne,Carolann,Jandaia do Sul
Drabble,Cassius,Rāvar
Corthes,Tobe,Popovice
Rogliero,Filmore,Shi’ao
Northin,Cirillo,Xinxing
Bielfeld,Brandtr,Hobonio
Beecham,Godart,Tarbes
Ahlf,Derby,Bull Savanna
McMenamy,Kendra,Aileu
Gregorace,Ayn,Miskindzha
Sheeres,Solly,Vukovije Donje
Kike,Spike,Nanqiao
Smitham,Rosita,Chipoka
Cuffe,Astrid,Wang Nam Khiao
Bottrell,Zora,Ondoy
Bowland,Dniren,Getengan
Placide,Wadsworth,Borabue
Marris,Dominique,Stýpsi
Flippen,Claresta,Kafarati
Smedmoor,Maxine,Gelang
Erickson,Dayna,Longuita
Davidi,Frannie,Letuyi
Perrigo,Winnie,Corpus Christi
Heindl,Justine,Sho’rchi
McErlaine,Walsh,Xam Nua
Cowp,Adele,Huafeng
Bloor,Rosa,Dongsheng
Edes,Amalita,Morioka-shi
Augustine,Rusty,Sakété
Cooke,Sukey,La Chapelle-sur-Erdre
Faas,Odetta,Ficksburg
Heal,Sofie,Brétigny-sur-Orge
Priestley,Devonne,Reutlingen
Lernihan,Bruis,Masḩah
Esselen,Gertie,Bomadi
Bodle,Carrie,Karanggintung
Lawless,Chaddie,Chicago
Chester,Roz,Nowshahr
Cusack,Adolph,Visconde do Rio Branco
Espino,Henri,Pereira
Hansed,Ladonna,La Jagua de Ibirico
Carlyon,Cynthea,Paris 08
Braden,Isidoro,Zoumaling
Polsin,Viola,Masu
Cosh,Deva,Pakel
Tummond,Dyan,Waitangi
Swatton,Winnifred,Belgorod
Heelis,Elke,Čortanovci
Prahl,Harley,Gayam
Swate,Sheffie,Luna
Fallen,Astra,Cungapmimbo
Wooff,Pearce,Puerto Guzmán
Jellis,Ethelred,Nixi
Dibben,Hurleigh,Wangcheng
Seely,Javier,Dongguang
Ellingworth,Verina,Araraquara
Middup,Korie,Yengimahalla
Hardson,Drucy,Thị Trấn Mường Lát
Dani,Dorie,Camp Flora
Carbry,Brice,Caramuca
Brocklebank,Gabrila,Jega
Hackin,Tracey,Rio de Janeiro
Whenham,Kesley,San Jose
MacDonell,Heriberto,Funabashi
Dudbridge,Brittni,Tiwi
Swanne,Ashton,Bezenchuk
Corbally,Emmett,Oslo
Longstreeth,Rosalinda,Luxi
Davage,Gayle,Mangulile
Edworthie,Kaine,Lindavista
Dockery,Ephraim,Strömsnäsbruk
Jasik,Ddene,Chendong
Dinnage,Stu,Gafargaon
Turmall,Dudley,Saint Petersburg
De Michetti,Selina,Cibitungmasjid
Burde,Odessa,Gore
Casterton,Amandi,Ciomas
Rue,Allyn,Léfka
Murch,Lisa,Babakanloa
Morcom,Valentine,Székesfehérvár
Cradey,Daryl,Saint-Constant
Lechmere,Deck,Tiandeng
Peddar,Myrta,Burlatskoye
Doorbar,Pollyanna,Cilebang Satu
Dayton,Ettie,Luhačovice
Troutbeck,Donella,Hamonggolele
Craisford,Melvin,Rancabugel
Orrell,Nerissa,Gayamdesa
Lanphier,Garv,Mondokan
Antognozzii,Tracey,Nice
Riteley,Lothaire,Altıağac
Stripp,Mireielle,Huangmao
Vasiliu,Clarice,Široki Brijeg
Palke,Annabela,Strasbourg
Dolan,Lise,Guinoaliuan
Collings,Bayard,Hisai
Kean,Berni,Shibushi
Kerne,Jenifer,Hongshi
Aluard,Lek,Puteaux
Corthes,Lyman,Sanquan
Amos,Tab,Machinda
Tuckie,Hayward,Ōmamachō-ōmama
Goodby,Lawrence,Bistrinci
Snoddon,Ondrea,Hovås
Puckring,Simone,Shlissel’burg
Maycock,Terrence,Nangka
Durbann,Berni,Bayt ‘Adhāqah
Dauber,Bunni,El Espino
Collimore,Ame,Zhuravka
McCroary,Candra,Pukou
Jobson,Elisha,Pardubice
Northcliffe,Sheila,Vyshniy Volochëk
Crowch,Pier,Capacho Nuevo
Phythien,Olia,Geneng Tengah
Mattacks,Audrey,Shilong
Miell,Chip,Tarkastad
Beert,Darnall,Cortes
Vankov,Dottie,Río Ceballos
Kesper,Hermine,Krajanbonjor
Kleinstub,Jyoti,Tianhe
Rattry,Dianne,Wushi
Wasielewski,Vi,Agustín Codazzi
Selcraig,Vincenty,Tangwu
Crips,Emalee,Kekeran
Earley,Eldon,Ivry-sur-Seine
Caunt,Darlene,Vellinge
Prator,Averyl,Bulls
Mordanti,Gunner,Liaoyang
Dilrew,Amelita,Fuhai
Sponton,Boycie,Daping
Yegorkov,Petey,Dzagam
O'Canavan,Axel,Putrajaya
Huddle,Hagen,East Angus
Jansema,Darryl,Al Jubayl
Mighele,Edithe,Novovorontsovka
Doman,Corry,Radom
Banbridge,Milena,Criuleni
Prinne,Valera,Linton
Kleinhaut,Valentia,Kotkot
Dutteridge,Sissie,Gagarin
Shergill,Gerianna,Puerto Obaldía
Capon,Ilise,Przelewice
Skeats,Antony,Tarnogskiy Gorodok
Covell,Cherida,Changlin
Heggman,Flossi,Ouyang
Helwig,Ardelia,Hangzhou
Heersma,Mahmoud,San Vicente
Gillbee,Wylie,Ágios Efstrátios
Chopping,Rebe,Markaz-e Woluswalī-ye Āchīn
Axelby,Kai,Tetaf
Moreno,Bethina,Huntsville
Jakobssen,Jody,Itacurubí del Rosario
Frantz,Emlen,Masjed Soleymān
Boreham,Lucias,Kovrov
Swepson,Inness,Teresita
Dowglass,Ford,Tarragona
Shulver,Rianon,Niutian
Longmuir,Hillery,Gataivai
Mandrey,Norby,Boden
Proske,Ilise,Nogueira do Cravo
Shawe,Cybil,Sheffield
Wilson,Dukey,Chapelton
MacTague,Davine,Limache
Bodleigh,Cyril,Ţūlkarm
Klimmek,Boycie,Taourirt
Giacomoni,Welbie,Hobor
Gladwish,Filmore,Mỹ Xuyên
Crosskell,Lizzy,Pak Phanang
Jaslem,Morena,Bislig
Stanton,Joey,Krajan Timur Suger Kidul
Marwick,Minni,Heby
Soots,Vincents,Lusaka
Richarson,Ailene,Karnice
Pays,Cristina,Brikama Nding
Planque,Odetta,Oodweyne
Culbard,Agnola,Pará de Minas
Gulk,Konstanze,Udënisht
Pote,Lorin,Barras
Searsby,Meghann,Siluman
Olenichev,Isobel,Shuangqiao
McKew,Derby,Kauniainen
Gylle,Sasha,Rostokino
Obern,Marion,San Antonio
Gover,Adam,Anhua
Althorpe,Noemi,Baryshevo
Clutram,Jaime,Pavlovskiy Posad
Dahl,Rourke,Porto Velho
Zum Felde,Gloriane,Strelitsa
Ragles,Etienne,Ishikari
Klimentov,Nils,Dresi Wetan
Oehme,Dougy,Andres Bonifacio
De Antoni,West,Kyustendil
Aaron,Louise,Tarko-Sale
Crutch,Roman,Taoyuan
Aviss,Durand,Yeniköy
Frid,Lorrie,Zbrosławice
Standering,Dahlia,Naples
McGoon,Arley,Amuntai
Rusted,Rafa,Kumbo
Braime,Adam,Iset’
Dundendale,Gwyneth,Aravissós
Flewan,Brockie,Pöytyä
Showering,Kirstin,Cherbourg-Octeville
Whetnell,Mortie,Tayāsīr
Ragot,Brittan,Abang
Moyles,Donna,Presidencia Roque Sáenz Peña
Tume,Peggie,Al Ḩarajah
Vedenyapin,Clareta,Sanquan
Cribbin,Aline,Hägersten
Brooksby,Dav,Boñgalon
Chave,Konstantine,Bulembu
Wybourne,Kimble,Qianwei
Perroni,Iggy,Gusong
Baress,Melisenda,Walichnowy
Bagster,Kirsti,Barrancas
Ritmeyer,Rolland,Cabaret
Prettyman,Helaine,Żabbar
McNamara,Kassia,Passo Fundo
Dunford,Marla,Copa
Berggren,Sully,Muḩambal
Bonome,Mirelle,Umbuldamar
Jozwiak,Kristo,Frutillar
Simkiss,Kizzee,Nîmes
Lehrer,Sharlene,Kalamáta
Tschierse,Reina,Lage
Streeter,Jasun,Balingcanaway
Kinchlea,Emory,Guingamp
Royste,Rafe,Chynadiyovo
Shand,Ferdinand,Jindayris
Moakes,Malvina,Fontanka
Schlagman,Blake,Kanie
Yurinov,Corie,Aikmel
Jahnel,Mable,Lanci Satu
Lavall,Tony,Chynadiyovo
Robertelli,Everard,Houxiang
Piddletown,Vivianne,Dobrljin
Gavini,Micheal,Tbilisskaya
Misselbrook,Sylvan,Caucagüito
Grishenkov,Hurleigh,Seget
Causier,Reeba,Słońsk
Haresnaip,Edith,Cibulakan
Cloake,Felix,Kýria
Whorf,Richy,Bungoma
Fardell,Kala,Tsetsegnuur
Gooderson,Nessie,Changzheng
Oxby,Keriann,Piancheng
Ballentime,Bria,Nagorsk
Meecher,Derick,Phoenix
Hubbock,Clarance,Hujiaying
Nulty,Almira,Caiyuan
Izat,Hasty,Olympia
de Leon,Kathi,Comal
Kembley,Jaquelin,Los Angeles
Martine,Felecia,Ingarö
Klessmann,Roseanne,Huyu
Dignon,Margaret,Beverwijk
Ketteringham,Kellen,Gobernador Costa
Hessenthaler,Lilla,Bagé
Prinne,Judd,Lixu
Fulloway,Kriste,Cairima
Diamond,Man,Jōetsu
Dorot,Eveline,Nangkaruka
Bardwell,Ivar,Tilang
Mara,Selena,Acas
Dalziell,Retha,Qobustan
Riccelli,Howie,Jianshan
Truder,Daryl,Airmolek
Bentall,Booth,Hirado
Tottem,Whitaker,Bennäs
Steinor,Meredithe,Trzin
Blues,Malia,Monteiro
Oxley,Lexie,Zambujal
Gavin,Althea,Nancha
Conroy,Vittorio,Palermo
Saddleton,Lyn,Tanguá
Rubery,Herve,Świnna
Millar,Bethena,Ash Shiḩr
Hexum,Fonzie,Zbiroh
Atter,Brooks,Shengli
Wellstood,Shawnee,Sentani
Sibbs,Torin,La Gacilly
Annetts,Meredithe,Srebrenik
Bertouloume,Mei,Zürich
McVity,Rhodie,Artémida
D'Antoni,Mareah,Qingliu
Marshman,Magdalen,Petushki
McPike,Riobard,Zabłocie
Davidoff,Rourke,Huolongmen
Fellos,Jimmy,København
Yashin,Alyssa,Rosebank
Donoher,Lanita,Shizuishan
Scowcroft,Terry,Heze
Murdy,Francesca,Neuss
Gonneau,Alick,Iporá
Korbmaker,Scottie,San Mariano
Baddow,Harald,Shixi
Basnall,Merrili,Laiyang
Leuren,Norah,Veliki Preslav
Khristyukhin,Osmund,Dzüünbulag
Holdworth,Kingsley,Riachão do Jacuípe
Streeten,Hastings,Capitán Bado
Pietrowski,Zaneta,Tohautu
Keatley,Vergil,‘Ayn Ḩalāqīm
Eddow,Donica,Nastola
Dwane,Loren,Shangqiu
Zimmer,Vittorio,Xianxi
Tipens,Ekaterina,Kauhan
Rignall,Wynn,Pampas
Henryson,Bar,Sulūq
Auden,Courtnay,Jinshan
Hiers,Nicole,Savigny-le-Temple
Regenhardt,Yovonnda,Lousa
Stiff,Pryce,Monaghan
Clemintoni,Conney,Yanhu
Camosso,Bartel,Sanjiang
Inglese,Lizbeth,Polo
Hallums,Fedora,Segezha
Adnams,Flynn,Tayāsīr
Roscamp,Timothea,Wololele A
Tyer,Alyosha,Kumbo
Culbard,Tillie,Ayabaca
Mugleston,Jessica,Choloma
Witherington,Oralie,Müllendorf
Brasner,Elvin,Sukorejo
Plover,Christoforo,Santo André
Getcliffe,Corrianne,Bolszewo
Steel,Phedra,Pleasant Point
Sea,Roth,Lebak
Lochrie,Marcela,Skien
Bosch,Del,Damai
Vodden,Nerissa,Bojongsari
Grayson,Odell,Sumalig
Fraczak,Ilise,Vashkivtsi
Pithie,Margette,San Salvador de Jujuy
Larrosa,Deni,Hengpi
Herries,Nertie,Washington
Ferrero,Julee,Hezhi
Vasentsov,Sisile,Bandhagen
Baldung,Evin,Wajak
Wall,Lurette,Gaspar Hernández
Mainstone,Matthew,Barrancabermeja
Aldiss,Tania,Adolfo Ruiz Cortines
Bristo,Vivienne,Lubei
Taft,Kory,Wulong
Goldsmith,Codie,Dongdai
Rustedge,Aldwin,Rada Tilly
Flecknell,Alvira,Bích Động
Thirlwall,Minor,Ostravice
Buten,Tyrone,Strzelin
Tanzer,Vinny,Reshui
O'Connor,Karyl,Nadvoitsy
Chitham,Ruthie,Nansheng
Mulroy,Whitby,Zhoukoudian
Calafate,Dolores,Karema
Bogies,Donielle,Mulyadadi
Damarell,Seana,Saransk
Chasteau,Hardy,Nakajah
Tale,Minda,Carhuac
Filde,Joyce,Claveria
Pashbee,Adelaida,Citundun
Vaune,Jefferey,Pyrgetós
Abrahmson,Issie,Lazaro Cardenas
Benet,Saidee,Ojo de Agua
Vernazza,Vincenty,Hermoso Campo
Lesper,Whittaker,Peristerá
Hatz,Boothe,Oemofa
Dunkerton,Adriane,Zaliznychne
Stronach,Neal,Zhovti Vody
Gathwaite,Mario,Jiangcun
Chrystal,Boyce,Satte
Held,Arney,Parang
Fain,Petra,Dachang
Wainwright,Veronike,Aguadas
Bowstead,Porty,Verkhniy Avzyan
Robrow,Hermine,Darya Boyi
Sillars,Dianne,La Cruz de Taratara
Iddons,Benita,Oslo
Chittock,Patrick,Ypacarai
Kaliszewski,Tabbi,Fenghuo
Purviss,Bink,Calaya
Raison,Riki,Zalantun
Corp,Humbert,Kalanchak
Cusworth,Zane,Huaiyuan Chengguanzhen
Yeudall,Katrinka,Tanjung
Harlock,Lesya,Da-an Sur
Scoyne,Madison,Rucheng Chengguanzhen
Clare,Nollie,Pushkino
Lude,Mark,Sobreira
Vigors,Devondra,Oleiros
Tatlowe,Yorgos,Eusébio
Dugall,Winna,Feuknoni
Rosone,Jolynn,Umingan
Cleaver,Lynn,Североморск-3
Gillyett,Franklin,Białobrzegi
Shailer,Frans,Budzów
Clewarth,Chrissy,Verkhnya Syrovatka
Brettel,Aggi,Avranches
Swaddle,Gualterio,Valongo
Kittredge,Andriana,Jalaud
Heaney,Nonie,Alexandria
Mellodey,Dulcy,Ricardo Flores Magon
Clute,Rabi,Daping
Greste,Ermanno,Maubin
Sorro,Adorne,Tan Sum
Sabberton,Sinclair,Houyu
Rubinek,Lori,Nezamyslice
Jachimak,Christoffer,Sigou
Twydell,Reynolds,Želiv
Shiliton,Giovanni,Church End
Larn,Laurie,Dorp Tera Kora
Appleford,Lucinda,Paamiut
Ostrich,Daryl,Concordia
Dioniso,Gabriela,Shuakhevi
Duplain,Nefen,Santo Domingo
Allgood,Walsh,Jiangyi
Karczinski,Karon,Gucun
Urry,Kamila,Xagmakajor
McDougall,Cleveland,Yilongyong
Lownes,Boniface,Cagayan
Wanell,Suellen,Lailunggi
Thody,Ronda,Pinheiral
Odney,Dedra,Langensari
Munro,Arvin,Lovran
Iacomelli,Noel,Sosnovo-Ozerskoye
Lynskey,Germayne,Panalo-on
Riccardo,Katuscha,Esch-sur-Alzette
Romaine,Kat,Yutsa
Drees,Syman,Ritaebang
Grishinov,Datha,Demyansk
Fildery,Sawyer,Portelinha
Patemore,Melania,Bindang
Hallford,Sioux,Īz̄eh
Clowney,Susana,Bailan
Boffey,Reinald,Yanqian
Duke,Emylee,Blama
Whitcher,Dannel,Carig
Leppington,Zarah,Karlskoga
Mashro,Sibby,Apoya
Hartell,Yorke,Flagstaff
Freer,Cybil,Sanankerto
Ambrogini,Bibby,Somorpenang
Mateo,Tally,Banjar Sengguan
Trelease,Leslie,Dún Laoghaire
Dohmann,Angel,Villa Aglipay
Huller,Arlana,Brikcha
MacKain,Beverlee,Aulnay-sous-Bois
Scrine,Cobby,Ikeda
Dewbury,Johnny,Karlshamn
Heineke,Kelcie,Xinglong
Tapper,Theresina,Jaguariaíva
Bown,Dasi,Khal’ch
Quin,Craig,Sélestat
Cluet,Teddie,El Triunfo
Checci,Sheilakathryn,Magallanes
Bantick,Dorothy,Ponyri Vtoryye
Morfey,Margeaux,Zhenziliang
Rosenfelder,Lilas,Uwelini
Edgeson,Terrell,Ouijjane
Melsom,Veronika,Independencia
Button,Knox,Ursk
Dormon,Julieta,Moba
Carnson,Algernon,Kangān
Attiwill,Emlyn,Longtan
Le Sieur,Dorisa,Zhangatas
Camplin,Catha,Itumbiara
Shimman,Demetre,Skrzyszów
Ilyinykh,Randa,Hantara
Woodwing,Teodoor,Longtanhe
Akam,Stern,Parawan
Ilden,Clementius,Morrelgonj
Konke,Trueman,Vranje
Madine,Eugenius,Ximei
Cronin,Gregoor,Apeldoorn
Lound,Marne,Damao
Blasio,Heloise,Xiaofayi
Pinsent,Debbi,Dashkawka
Ashfield,Norby,Gyangqai
Rollinshaw,Imelda,Eshan
Coath,Betty,Tsowkêy
Hanby,Korie,Yanhe
Gonneau,Lorry,Vyazniki
Gozard,Olympie,Prabuty
Readitt,Rufe,Fushan
Nesbitt,Bale,Varaždin
Ridger,Penn,Orhei
Jallin,Carly,Feitoria
Abbyss,Enrika,Karangranjong
Klicher,Tandi,Paidha
Daggett,Darwin,Zuwārah
Craigheid,Dur,Huilong
Dwight,Juanita,Rodniki
Paskin,Demott,Iñapari
Ubanks,Valeria,Mniszków
Bugler,Yul,Shawnee Mission
Van den Bosch,Sumner,Suan Luang
Eary,Lu,Tabant
Trayte,Cori,Stonewall
Queyeiro,Kurtis,Qorashina
McNeice,Drud,Mueang Nonthaburi
Gumly,Scarlet,Bukavu
Killock,Judy,Barengkok Hilir
Pilling,Alasdair,Krajan Alasdowo
Macklam,Tymothy,Lebyazh’ye
Purple,Ewan,Qiryat Yam
Kinge,Angie,Surin
Pool,Lonny,Qiubin
Lawleff,Caresa,La Paloma
McArdle,Park,Oakland
Swin,Fawne,José Bonifácio
Cheng,Margalo,Popovi
MacEllen,Brandi,Yara
Corker,Ashlan,Vojkovice
Kann,Lowe,Shiguai
Mandeville,Stanley,Belomorsk
Hinstock,Lucie,Pakel
Skeeles,Marla,Kekeri
Ismail,Cherie,Lillers
Rottenbury,Stephan,Weston
Cain,Corilla,Bajingzi
Cotgrave,Sibley,Karbinci
Eakins,Bili,Nampera
Matuschek,Rocky,El Benque
Pesak,Gabbi,Jadi
Izhakov,Sergei,Xiaojie
Powys,Findley,Youlongchuan
Wyant,Lynette,Oni
Welch,Darius,Utara
Duferie,Jocelin,Río Grande
Eble,Lona,Chusovoy
Livens,Lynne,São Francisco
Lindenman,Josi,Wanfang
Cromack,Nelly,Kassándreia
Dring,Hersh,Chicacao
Darter,Doralin,Saint Paul
Metterick,Chiquita,Jönköping
Fullerd,Pietro,Järfälla
Mapis,Gretal,Jinshandian
Douberday,Munmro,Rotterdam
Adin,Adlai,Tha Mai
Vittel,Nickey,Jingzhuang
Stonhouse,Pace,Wuyang
McReidy,Darn,Xingfu
Di Franceshci,Ros,Zabukovica
Bundy,Joline,Buchlovice
Meachan,Genni,Yingchun
McIlvaney,Gaile,Luján
Kinsley,Christye,Dikson
Bonavia,Guillaume,Domašinec
Varlow,Kliment,Gravelbourg
Gosnold,Vanya,Har-Us
Briffett,Stanly,Unidad
Loader,Antons,Linxi
Gasquoine,Orsola,Huangjin
Belitz,Alistair,Kowingir
Nani,Don,Milán
Dodworth,Cecilla,Issenye
Sousa,Viki,Carrasqueira
Gemlbett,Winifield,Daytona Beach
Tylor,Tiffy,Sailaitang
O'Shiels,Erhard,Gongxi
Cussen,Nickola,Tanabe
Sanz,Ash,Kaltungo
Kimble,Brok,El Zapote
Porkiss,Helga,Dengok
Clineck,Barton,Vidual
Grelik,Rosette,Koper
Beri,Ginni,Buenavista
Fontaine,Obadias,Gaoyang
Kingescot,Willow,Invercargill
Getch,Wendell,Ouani
Derrell,Petrina,Roshal’
Bouttell,Caryl,Tambakromo
Foxley,Lacee,Akune
Theis,Brandy,Byuravan
McMurraya,Sigrid,Dongshi
Wilbore,Rochette,San Miguel
Croneen,Scott,Slavkov u Brna
Rosbrough,Arte,Dawa-Dawa
Whitford,Stacy,Antagan Segunda
Nissle,Kerwinn,Tabaquite
McCarl,Anette,Rio das Pedras
Bedinham,Conway,Almargem do Bispo
Gheorghescu,Dominique,Blažovice
Petrashkov,Suellen,Mauponggo
Leversuch,Danya,Wenshui
Dillingham,Irene,Zamora
Jeffryes,Hermine,Ma‘arrat an Nu‘mān
Pinney,Zared,Yanwang
Gilyatt,Miof mela,Périgny
Grandin,Rubin,Karengan
McDougle,Jessamyn,Draginje
Aronsohn,Salvador,Kambing
Diddams,Margeaux,San Guillermo
Hagart,Sawyere,Emiliano Zapata
Birdseye,Alyce,Affery
Jopke,Biddy,Numazu
Belhome,Sephira,Carpenter
Rivel,Hermie,Plérin
Ludlamme,Niels,Lubenec
Ashfold,Prinz,Qinghua
